<?xml version="1.0" encoding="UTF-8"?>
<project-private xmlns="http://www.netbeans.org/ns/project-private/1">
    <editor-bookmarks xmlns="http://www.netbeans.org/ns/editor-bookmarks/2" lastBookmarkId="0"/>
    <open-files xmlns="http://www.netbeans.org/ns/projectui-open-files/2">
        <group>
            <file>file:/C:/Users/khai.dv/Documents/NetBeansProjects/QLSV/src/view/DangKy.java</file>
            <file>file:/C:/Users/khai.dv/Documents/NetBeansProjects/QLSV/src/view/ThongTinSinhVien.java</file>
            <file>file:/C:/Users/khai.dv/Documents/NetBeansProjects/QLSV/src/model/TinChi.java</file>
            <file>file:/C:/Users/khai.dv/Documents/NetBeansProjects/QLSV/src/controller/TinChiModify.java</file>
            <file>file:/C:/Users/khai.dv/Documents/NetBeansProjects/QLSV/src/controller/TaiKhoanModify.java</file>
            <file>file:/C:/Users/khai.dv/Documents/NetBeansProjects/QLSV/src/view/DangKyTinChi.java</file>
            <file>file:/C:/Users/khai.dv/Documents/NetBeansProjects/QLSV/src/controller/SinhVienModify.java</file>
        </group>
    </open-files>
</project-private>
